{
	"groups": [
		{
			"keys": "character,pig,pig_png,grass,pigBg,dragon_png,dragon,groundHeadBg,font,font_png,clearingNoBg,clearingOkBg,gamePrompt,startCover,startRes,activityBg,prizeBg,loading_png,rankingBg,resultBg,barrage1,barrage2,imgs,musicOff,musicOn",
			"name": "preload"
		}
	],
	"resources": [
		{
			"url": "assets/character.png",
			"type": "image",
			"name": "character"
		},
		{
			"url": "assets/sprite/pig.png",
			"type": "image",
			"name": "pig_png"
		},
		{
			"url": "assets/sprite/pig.json",
			"type": "json",
			"name": "pig"
		},
		{
			"url": "assets/grass.png",
			"type": "image",
			"name": "grass"
		},
		{
			"url": "assets/pigBg.png",
			"type": "image",
			"name": "pigBg"
		},
		{
			"url": "assets/sprite/dragon.png",
			"type": "image",
			"name": "dragon_png"
		},
		{
			"url": "assets/sprite/dragon.json",
			"type": "json",
			"name": "dragon"
		},
		{
			"url": "assets/groundHeadBg.jpg",
			"type": "image",
			"name": "groundHeadBg"
		},
		{
			"url": "assets/sprite/font.fnt",
			"type": "font",
			"name": "font"
		},
		{
			"url": "assets/sprite/font.png",
			"type": "image",
			"name": "font_png"
		},
		{
			"url": "assets/clearingNoBg.png",
			"type": "image",
			"name": "clearingNoBg"
		},
		{
			"url": "assets/clearingOkBg.png",
			"type": "image",
			"name": "clearingOkBg"
		},
		{
			"url": "assets/gamePrompt.png",
			"type": "image",
			"name": "gamePrompt"
		},
		{
			"url": "assets/startCover.jpg",
			"type": "image",
			"name": "startCover"
		},
		{
			"url": "assets/sprite/startRes.json",
			"type": "sheet",
			"name": "startRes",
			"subkeys": "activity,complaints,more,startBtn"
		},
		{
			"url": "assets/activityBg.png",
			"type": "image",
			"name": "activityBg"
		},
		{
			"url": "assets/logo.png",
			"type": "image",
			"name": "logo_png"
		},
		{
			"url": "assets/prizeBg.png",
			"type": "image",
			"name": "prizeBg"
		},
		{
			"url": "assets/loading.png",
			"type": "image",
			"name": "loading_png"
		},
		{
			"url": "assets/lodingGif.gif",
			"type": "image",
			"name": "lodingGif_gif"
		},
		{
			"url": "assets/rankingBg.png",
			"type": "image",
			"name": "rankingBg"
		},
		{
			"url": "default.res.json",
			"type": "json",
			"name": "default.res_j"
		},
		{
			"url": "assets/resultBg.png",
			"type": "image",
			"name": "resultBg"
		},
		{
			"url": "assets/barrage1.png",
			"type": "image",
			"name": "barrage1"
		},
		{
			"url": "assets/barrage2.png",
			"type": "image",
			"name": "barrage2"
		},
		{
			"url": "assets/music/bgm.mp3",
			"type": "sound",
			"name": "bgm"
		},
		{
			"url": "assets/music/goid.mp3",
			"type": "sound",
			"name": "goid"
		},
		{
			"url": "assets/music/jump.mp3",
			"type": "sound",
			"name": "jump"
		},
		{
			"url": "assets/music/over.mp3",
			"type": "sound",
			"name": "over"
		},
		{
			"url": "assets/sprite/imgs.json",
			"type": "sheet",
			"name": "imgs",
			"subkeys": "balloon,clearingBtn1,clearingBtn2,clearingBtn3,close,coin,gift,goidLogo,leaderboard,line,losePig,lotteryGift,lotteryResultBg,lotteryResultClose,lotteryResultLoseTitle,lotteryResultWinTitle,rankingClose,rankingOne,rankingThree,rankingTwo,receive,star,winPig"
		},
		{
			"url": "assets/musicOff.png",
			"type": "image",
			"name": "musicOff"
		},
		{
			"url": "assets/musicOn.png",
			"type": "image",
			"name": "musicOn"
		}
	]
}