{"mc":{
	"run":{
		"frameRate":24,
		"events":[
			
			],
		"frames":[
			
			{
			"res":"70D8FF90",
			"x":1,
			"y":0
			},
			{
			"res":"70B21CE3",
			"x":1,
			"y":0
			},
			{
			"res":"3D626F2B",
			"x":1,
			"y":0
			},
			{
			"res":"FAD0F52D",
			"x":1,
			"y":0
			},
			{
			"res":"44A744F0",
			"x":1,
			"y":0
			},
			{
			"res":"FAD0F52D",
			"x":1,
			"y":0
			},
			{
			"res":"3D626F2B",
			"x":1,
			"y":0
			},
			{
			"res":"70B21CE3",
			"x":1,
			"y":0
			},
			{
			"res":"70D8FF90",
			"x":1,
			"y":0
			}
			]
}},
	"res":{
		"3D626F2B":{"x":1,"y":1,"w":189,"h":176},
		"70D8FF90":{"x":192,"y":1,"w":189,"h":176},
		"70B21CE3":{"x":383,"y":1,"w":189,"h":176},
		"FAD0F52D":{"x":574,"y":1,"w":189,"h":176},
		"44A744F0":{"x":765,"y":1,"w":189,"h":176}
	}}