{"file":"imgs.png","frames":{
"rankingClose":{"x":1783,"y":666,"w":90,"h":90,"offX":0,"offY":0,"sourceW":90,"sourceH":90},
"rankingOne":{"x":1223,"y":658,"w":68,"h":86,"offX":0,"offY":0,"sourceW":68,"sourceH":86},
"rankingThree":{"x":1843,"y":440,"w":68,"h":86,"offX":0,"offY":0,"sourceW":68,"sourceH":86},
"rankingTwo":{"x":1957,"y":732,"w":68,"h":86,"offX":0,"offY":0,"sourceW":68,"sourceH":86},
"receive":{"x":1521,"y":666,"w":260,"h":90,"offX":0,"offY":0,"sourceW":260,"sourceH":90},
"star":{"x":1040,"y":560,"w":181,"h":176,"offX":0,"offY":0,"sourceW":181,"sourceH":176},
"winPig":{"x":1299,"y":531,"w":220,"h":268,"offX":0,"offY":0,"sourceW":220,"sourceH":268},
"balloon":{"x":1869,"y":1,"w":117,"h":315,"offX":0,"offY":0,"sourceW":117,"sourceH":315},
"clearingBtn1":{"x":1299,"y":263,"w":568,"h":129,"offX":0,"offY":0,"sourceW":568,"sourceH":129},
"clearingBtn2":{"x":1299,"y":132,"w":568,"h":129,"offX":0,"offY":0,"sourceW":568,"sourceH":129},
"clearingBtn3":{"x":1299,"y":1,"w":568,"h":129,"offX":0,"offY":0,"sourceW":568,"sourceH":129},
"close":{"x":1930,"y":548,"w":90,"h":90,"offX":0,"offY":0,"sourceW":90,"sourceH":90},
"coin":{"x":1223,"y":560,"w":72,"h":96,"offX":0,"offY":0,"sourceW":72,"sourceH":96},
"gift":{"x":1875,"y":732,"w":80,"h":100,"offX":0,"offY":0,"sourceW":80,"sourceH":100},
"goidLogo":{"x":1869,"y":318,"w":120,"h":120,"offX":0,"offY":0,"sourceW":120,"sourceH":120},
"leaderboard":{"x":1930,"y":440,"w":109,"h":106,"offX":0,"offY":0,"sourceW":109,"sourceH":106},
"line":{"x":1040,"y":801,"w":640,"h":40,"offX":0,"offY":0,"sourceW":640,"sourceH":40},
"losePig":{"x":843,"y":560,"w":195,"h":242,"offX":0,"offY":0,"sourceW":195,"sourceH":242},
"lotteryGift":{"x":843,"y":1,"w":454,"h":557,"offX":0,"offY":0,"sourceW":454,"sourceH":557},
"lotteryResultBg":{"x":1,"y":1,"w":840,"h":800,"offX":0,"offY":0,"sourceW":840,"sourceH":800},
"lotteryResultClose":{"x":1930,"y":640,"w":90,"h":90,"offX":0,"offY":0,"sourceW":90,"sourceH":90},
"lotteryResultLoseTitle":{"x":1299,"y":394,"w":542,"h":135,"offX":0,"offY":0,"sourceW":542,"sourceH":135},
"lotteryResultWinTitle":{"x":1521,"y":531,"w":407,"h":133,"offX":1,"offY":1,"sourceW":408,"sourceH":134}}}