{"mc":{
	"run":{
		"frameRate":24,
		"events":[
			
			],
		"frames":[
			
			{
			"res":"66653AB",
			"x":0,
			"y":0
			},
			{
			"res":"BF25C3F5",
			"x":0,
			"y":0
			},
			{
			"res":"8ECAE34C",
			"x":0,
			"y":0
			},
			{
			"res":"E501A1B3",
			"x":0,
			"y":0
			},
			{
			"res":"8777C832",
			"x":0,
			"y":0
			},
			{
			"res":"EF3ADA99",
			"x":0,
			"y":0
			},
			{
			"res":"BAABAD9",
			"x":0,
			"y":0
			}
			]
}},
	"res":{
		"BAABAD9":{"x":139,"y":178,"w":136,"h":174},
		"66653AB":{"x":139,"y":1,"w":136,"h":175},
		"BF25C3F5":{"x":1,"y":1,"w":136,"h":176},
		"8ECAE34C":{"x":277,"y":1,"w":136,"h":175},
		"8777C832":{"x":277,"y":178,"w":136,"h":174},
		"EF3ADA99":{"x":1,"y":179,"w":136,"h":174},
		"E501A1B3":{"x":139,"y":354,"w":136,"h":174}
	}}